beat,time_s,frame_30fps,timecode
0,0.552,17,00:00:00:17
1,1.164,35,00:00:01:05
2,1.777,53,00:00:01:23
3,2.389,72,00:00:02:12
4,3.002,90,00:00:03:00
5,3.614,108,00:00:03:18
6,4.226,127,00:00:04:07
7,4.839,145,00:00:04:25
8,5.451,164,00:00:05:14
9,6.064,182,00:00:06:02
10,6.676,200,00:00:06:20
11,7.288,219,00:00:07:09
12,7.901,237,00:00:07:27
13,8.513,255,00:00:08:15
14,9.126,274,00:00:09:04
15,9.738,292,00:00:09:22
16,10.350,311,00:00:10:11
17,10.963,329,00:00:10:29
18,11.575,347,00:00:11:17
19,12.188,366,00:00:12:06
20,12.800,384,00:00:12:24
21,13.412,402,00:00:13:12
22,14.025,421,00:00:14:01
23,14.637,439,00:00:14:19
24,15.250,457,00:00:15:07
25,15.862,476,00:00:15:26
26,16.474,494,00:00:16:14
27,17.087,513,00:00:17:03
28,17.699,531,00:00:17:21
29,18.312,549,00:00:18:09
30,18.924,568,00:00:18:28
31,19.536,586,00:00:19:16
32,20.149,604,00:00:20:04
33,20.761,623,00:00:20:23
34,21.374,641,00:00:21:11
35,21.986,660,00:00:22:00
36,22.598,678,00:00:22:18
37,23.211,696,00:00:23:06
38,23.823,715,00:00:23:25
39,24.436,733,00:00:24:13
40,25.048,751,00:00:25:01
41,25.660,770,00:00:25:20
42,26.273,788,00:00:26:08
43,26.885,807,00:00:26:27
44,27.498,825,00:00:27:15
45,28.110,843,00:00:28:03
46,28.722,862,00:00:28:22
47,29.335,880,00:00:29:10
48,29.947,898,00:00:29:28
49,30.560,917,00:00:30:17
50,31.172,935,00:00:31:05
51,31.784,954,00:00:31:24
52,32.397,972,00:00:32:12
53,33.009,990,00:00:33:00
54,33.622,1009,00:00:33:19
55,34.234,1027,00:00:34:07
56,34.846,1045,00:00:34:25
57,35.459,1064,00:00:35:14
58,36.071,1082,00:00:36:02
59,36.684,1101,00:00:36:21
60,37.296,1119,00:00:37:09
61,37.908,1137,00:00:37:27
62,38.521,1156,00:00:38:16
63,39.133,1174,00:00:39:04
64,39.746,1192,00:00:39:22
65,40.358,1211,00:00:40:11
66,40.970,1229,00:00:40:29
